<?xml version="1.0" encoding="UTF-8"?>
<beans:beans xmlns="http://www.springframework.org/schema/mvc"
	xmlns:xsi="http://www.w3.org/2001/XMLSchema-instance"
	xmlns:beans="http://www.springframework.org/schema/beans"
	xmlns:task="http://www.springframework.org/schema/task"
	xmlns:context="http://www.springframework.org/schema/context"
	xsi:schemaLocation="http://www.springframework.org/schema/mvc http://www.springframework.org/schema/mvc/spring-mvc-3.1.xsd
		http://www.springframework.org/schema/task http://www.springframework.org/schema/task/spring-task-3.1.xsd
		http://www.springframework.org/schema/context http://www.springframework.org/schema/context/spring-context-3.1.xsd
		http://www.springframework.org/schema/beans http://www.springframework.org/schema/beans/spring-beans-3.1.xsd">
	<annotation-driven>
		<argument-resolvers>
			<beans:bean class="com.tuziilm.searcher.mvc.resolver.IdsResolver"/>
		</argument-resolvers>
	</annotation-driven>

	<interceptors>
		<interceptor>
			<mapping path="/**"/>
			<beans:bean class="com.tuziilm.searcher.mvc.interceptor.ExceptionInterceptor"/>
		</interceptor>
		<interceptor>
			<mapping path="/**"/>
			<beans:bean class="com.tuziilm.searcher.mvc.interceptor.SecurityInterceptor"/>
		</interceptor>
	</interceptors>
	<!-- Handles HTTP GET requests for /resources/** by efficiently serving up static resources in the ${webappRoot}/resources/ directory -->
	<resources mapping="/static/**" location="/static/" />

	<!-- Resolves views selected for rendering by @Controllers to .jsp resources in the /WEB-INF/views directory -->
	<beans:bean class="org.springframework.web.servlet.view.InternalResourceViewResolver">
		<beans:property name="prefix" value="/WEB-INF/jsp/" />
		<beans:property name="suffix" value=".jsp" />
	</beans:bean>

	<!-- Only needed because we require fileupload in the org.springframework.samples.mvc.fileupload package -->
	<beans:bean id="multipartResolver" class="com.tuziilm.searcher.mvc.resolver.MulitipartResolver"/>

	<!-- Imports user-defined @Controller beans that process client requests -->
	<beans:import resource="controllers.xml" />

	<task:annotation-driven />

</beans:beans>
