<?xml version="1.0" encoding="UTF-8" ?>
<!DOCTYPE mapper PUBLIC "-//mybatis.org//DTD Mapper 3.0//EN" "http://mybatis.org/dtd/mybatis-3-mapper.dtd" >
<mapper namespace="com.tuziilm.searcher.persistence.FloatingAdSettingsMapper" >
    <resultMap id="BaseResultMap" type="com.tuziilm.searcher.domain.FloatingAdSettings" >
        <id column="id" property="id" jdbcType="INTEGER" />
        <result column="percent" property="percent" jdbcType="INTEGER" />
        <result column="remark" property="remark" jdbcType="VARCHAR" />
        <result column="gmt_create" property="gmtCreate" jdbcType="TIMESTAMP" />
        <result column="gmt_modified" property="gmtModified" jdbcType="TIMESTAMP" />
    </resultMap>

    <insert id="insert" parameterType="com.tuziilm.searcher.domain.FloatingAdSettings">
        <selectKey resultType="java.lang.Integer" keyProperty="id" order="AFTER">SELECT LAST_INSERT_ID()</selectKey>
        insert into floating_ad_settings(
        `percent`,
        `remark`,
        `gmt_create`)
        values(
        #{percent,jdbcType=INTEGER},
        #{remark,jdbcType=VARCHAR},
        now())
    </insert>

    <delete id="deleteById">
        delete from floating_ad_settings where id=#{id,jdbcType=INTEGER}
    </delete>
    <delete id="deleteByIds">
        delete from floating_ad_settings where id in
        <foreach collection="array" item="ids"  open="(" separator="," close=")">
            #{ids}
        </foreach>
    </delete>

    <update id="updateByIdSelective" parameterType="com.tuziilm.searcher.domain.FloatingAdSettings">
        update floating_ad_settings
        <set>
            <if test="fn.notEmpty(percent)">
                percent=#{percent,jdbcType=INTEGER},
            </if>
            <if test="fn.notEmpty(remark)">
                remark=#{remark,jdbcType=VARCHAR}
            </if>
        </set>
        where id=#{id,jdbcType=INTEGER}
    </update>

    <sql id="Base_Column_List">
        `id`,
        `percent`,
        `remark`,
        `gmt_create`,
        `gmt_modified`
    </sql>
    <select id="selectAll" resultMap="BaseResultMap">
        select <include refid="Base_Column_List"/> from floating_ad_settings
    </select>
    <sql id="select_count_where_sql">
        <where>
            <if test="query.name != null">
                percent like #{query.name}
            </if>
        </where>
    </sql>
    <select id="count" resultType="java.lang.Integer" parameterType="com.tuziilm.searcher.common.Paginator" >
        select count(*)
        from floating_ad_settings
        <include refid="select_count_where_sql"/>
    </select>
    <select id="select" resultMap="BaseResultMap" parameterType="com.tuziilm.searcher.common.Paginator" >
        select
        <include refid="Base_Column_List" />
        from floating_ad_settings
        <include refid="select_count_where_sql"/>
        order by id desc limit #{start},#{sqlSize}
    </select>
    <select id="selectById" resultMap="BaseResultMap" parameterType="java.lang.Integer">
        select <include refid="Base_Column_List"/> from floating_ad_settings where id=#{id,jdbcType=INTEGER}
    </select>
</mapper>