<?xml version="1.0" encoding="UTF-8" ?>
<!DOCTYPE mapper PUBLIC "-//mybatis.org//DTD Mapper 3.0//EN" "http://mybatis.org/dtd/mybatis-3-mapper.dtd" >
<mapper namespace="com.tuziilm.searcher.persistence.FloatingAdAppRuleMapper" >
    <resultMap id="BaseResultMap" type="com.tuziilm.searcher.domain.FloatingAdAppRule" >
        <id column="id" property="id" jdbcType="INTEGER" />
        <result column="name" property="name" jdbcType="VARCHAR" />
        <result column="pkg_name" property="pkgName" jdbcType="VARCHAR" />
        <result column="page_rules" property="innerPageRules" jdbcType="VARCHAR" />
        <result column="status" property="status" jdbcType="INTEGER" />
        <result column="remark" property="remark" jdbcType="VARCHAR" />
        <result column="gmt_create" property="gmtCreate" jdbcType="TIMESTAMP" />
        <result column="gmt_modified" property="gmtModified" jdbcType="TIMESTAMP" />
    </resultMap>

    <insert id="insert" parameterType="com.tuziilm.searcher.domain.FloatingAdAppRule">
        <selectKey resultType="java.lang.Integer" keyProperty="id" order="AFTER">SELECT LAST_INSERT_ID()</selectKey>
        insert into floating_ad_app_rule(
        `name`,
        `pkg_name`,
        `page_rules`,
        `status`,
        `remark`,
        `gmt_create`)
        values(
        #{name,jdbcType=VARCHAR},
        #{pkgName,jdbcType=VARCHAR},
        #{innerPageRules,jdbcType=VARCHAR},
        #{status,jdbcType=INTEGER},
        #{remark,jdbcType=VARCHAR},now())
    </insert>

    <delete id="deleteById">
        delete from floating_ad_app_rule where id=#{id,jdbcType=INTEGER}
    </delete>
    <delete id="deleteByIds">
        delete from floating_ad_app_rule where id in
        <foreach collection="array" item="ids"  open="(" separator="," close=")">
            #{ids}
        </foreach>
    </delete>

    <update id="updateByIdSelective" parameterType="com.tuziilm.searcher.domain.FloatingAdAppRule">
        update floating_ad_app_rule
        <set>
            <if test="fn.notEmpty(name)">
                name=#{name,jdbcType=VARCHAR},
            </if>
            <if test="fn.notEmpty(pkgName)">
                pkg_name=#{pkgName,jdbcType=VARCHAR},
            </if>
            <if test="fn.notEmpty(innerPageRules)">
                page_rules=#{innerPageRules,jdbcType=VARCHAR},
            </if>
            <if test="fn.notEmpty(status)">
                status=#{status,jdbcType=INTEGER},
            </if>
            <if test="fn.notEmpty(remark)">
                remark=#{remark,jdbcType=VARCHAR}
            </if>
        </set>
        where id=#{id,jdbcType=INTEGER}
    </update>

    <sql id="Base_Column_List">
        `id`,
        `name`,
        `pkg_name`,
        `page_rules`,
        `status`,
        `remark`,
        `gmt_create`,
        `gmt_modified`
    </sql>
    <select id="selectAll" resultMap="BaseResultMap">
        select <include refid="Base_Column_List"/> from floating_ad_app_rule
    </select>
    <sql id="select_count_where_sql">
        <where>
            <if test="query.name != null">
                name like #{query.name}
            </if>
        </where>
    </sql>
    <select id="count" resultType="java.lang.Integer" parameterType="com.tuziilm.searcher.common.Paginator" >
        select count(*)
        from floating_ad_app_rule
        <include refid="select_count_where_sql"/>
    </select>
    <select id="select" resultMap="BaseResultMap" parameterType="com.tuziilm.searcher.common.Paginator" >
        select
        <include refid="Base_Column_List" />
        from floating_ad_app_rule
        <include refid="select_count_where_sql"/>
        order by `status` desc, id desc limit #{start},#{sqlSize}
    </select>
    <select id="selectById" resultMap="BaseResultMap" parameterType="java.lang.Integer">
        select <include refid="Base_Column_List"/> from floating_ad_app_rule where id=#{id,jdbcType=INTEGER}
    </select>
</mapper>