<?xml version="1.0" encoding="UTF-8" ?>
<!DOCTYPE mapper PUBLIC "-//mybatis.org//DTD Mapper 3.0//EN" "http://mybatis.org/dtd/mybatis-3-mapper.dtd" >
<mapper namespace="com.tuziilm.searcher.persistence.SysUserMapper" >
    <resultMap id="BaseResultMap" type="com.tuziilm.searcher.domain.SysUser" >
        <id column="id" property="id" jdbcType="INTEGER" />
        <result column="email" property="email" jdbcType="VARCHAR" />
        <result column="username" property="username" jdbcType="VARCHAR" />
        <result column="passwd" property="passwd" jdbcType="VARCHAR" />
        <result column="sys_user_type" property="sysUserType" jdbcType="TINYINT" />
        <result column="status" property="status" jdbcType="TINYINT" />
        <result column="privilege" property="privilege" jdbcType="VARCHAR" />
        <result column="remark" property="remark" jdbcType="VARCHAR" />
        <result column="gmt_create" property="gmtCreate" jdbcType="TIMESTAMP" />
        <result column="gmt_modified" property="gmtModified" jdbcType="TIMESTAMP" />
    </resultMap>
    <delete id="deleteById">
        delete from sys_user where id=#{id}
    </delete>
    <delete id="deleteByIds">
        delete from sys_user where id in
        <foreach collection="array" item="ids"  open="(" separator="," close=")">
            #{ids}
        </foreach>
    </delete>

    <insert id="insert" parameterType="com.tuziilm.searcher.domain.SysUser" >
        <selectKey resultType="java.lang.Integer" keyProperty="id" order="AFTER" >
            SELECT LAST_INSERT_ID()
        </selectKey>
        insert into sys_user (email, username, passwd, sys_user_type,
        status, privilege, remark,
        gmt_create, gmt_modified)
        values (#{email,jdbcType=VARCHAR},#{username,jdbcType=VARCHAR}, #{passwd,jdbcType=VARCHAR}, #{sysUserType,jdbcType=TINYINT},
        #{status,jdbcType=TINYINT}, #{privilege,jdbcType=VARCHAR}, #{remark,jdbcType=VARCHAR}, now(), now())
    </insert>

    <sql id="Base_Column_List" >
        id, email, username, passwd, sys_user_type, status, privilege, remark, gmt_create, gmt_modified
    </sql>

    <select id="selectAll" resultMap="BaseResultMap" >
        select
        <include refid="Base_Column_List" />
        from sys_user
    </select>

    <select id="select" resultMap="BaseResultMap" parameterType="com.tuziilm.searcher.common.Paginator" >
        select
        <include refid="Base_Column_List" />
        from sys_user
        <where>
            <if test="query.name != null">
                username like #{query.name}
            </if>
        </where>
        order by id desc  limit #{start},#{sqlSize}
    </select>

    <select id="selectById" resultMap="BaseResultMap" parameterType="java.lang.Integer">
        select
        <include refid="Base_Column_List" />
        from sys_user where id=#{id}
    </select>
    <select id="getByUsername" resultMap="BaseResultMap" parameterType="java.lang.String">
        select
        <include refid="Base_Column_List" />
        from sys_user where username=#{username}
    </select>
    <select id="getByEmail" resultMap="BaseResultMap" parameterType="java.lang.String">
        select
        <include refid="Base_Column_List" />
        from sys_user where email=#{email}
    </select>
    <update id="updateByIdSelective" parameterType="com.tuziilm.searcher.domain.SysUser" >
        update sys_user
        <set >
            <if test="email != null" >
                email = #{email,jdbcType=VARCHAR},
            </if>
            <if test="username != null" >
                username = #{username,jdbcType=VARCHAR},
            </if>
            <if test="passwd != null" >
                passwd = #{passwd,jdbcType=VARCHAR},
            </if>
            <if test="sysUserType != null" >
                sys_user_type = #{sysUserType,jdbcType=TINYINT},
            </if>
            <if test="status != null" >
                status = #{status,jdbcType=TINYINT},
            </if>
            <if test="privilege != null" >
                privilege = #{privilege,jdbcType=VARCHAR},
            </if>
            <if test="remark != null" >
                remark = #{remark,jdbcType=VARCHAR}
            </if>
        </set>
        where id = #{id,jdbcType=INTEGER}
    </update>
</mapper>