<?xml version="1.0" encoding="UTF-8"?>
<!DOCTYPE log4j:configuration PUBLIC "-//APACHE//DTD LOG4J 1.2//EN" "http://logging.apache.org/log4j/1.2/apidocs/org/apache/log4j/xml/doc-files/log4j.dtd">
<log4j:configuration xmlns:log4j="http://jakarta.apache.org/log4j/">
	<appender name="file" class="org.apache.log4j.DailyRollingFileAppender">
		<param name="File" value="/home/searcher/work/logs/others.log"/>
		<param name="Append" value="true"/>
		<layout class="org.apache.log4j.PatternLayout">
			<param name="ConversionPattern" value="%d{yyyy-MM-dd HH:mm:ss} [%t] [%l] - %m%n" />
		</layout>
	</appender>

	<root>
		<priority value="warn" />
		<appender-ref ref="file" />
	</root>

</log4j:configuration>
